<?xml version="1.0" encoding="utf-8" ?><dwsync><file name="Roboto-Regular-webfont.eot" server="Mac SSD/Applications/MAMP/htdocs/subsystemmaas/" local="3497247808" remote="3497247808" Dst="-1" /><file name="Roboto-Regular-webfont.woff" server="Mac SSD/Applications/MAMP/htdocs/subsystemmaas/" local="3497247808" remote="3497247808" Dst="-1" /><file name="Roboto-Regular-webfont.ttf" server="Mac SSD/Applications/MAMP/htdocs/subsystemmaas/" local="3497247808" remote="3497247808" Dst="-1" /><file name="Roboto-Regular-webfont.svg" server="Mac SSD/Applications/MAMP/htdocs/subsystemmaas/" local="3497247808" remote="3497247808" Dst="-1" /><file name="stylesheet.css" server="Mac SSD/Applications/MAMP/htdocs/subsystemmaas/" local="3497266264" remote="3497266264" Dst="-1" /><file name="Roboto-Regular-webfont.woff" server="31.170.166.175" local="3497247808" remote="3507218160" Dst="-1" /><file name="Roboto-Regular-webfont.ttf" server="31.170.166.175" local="3497247808" remote="3507218160" Dst="-1" /><file name="Roboto-Regular-webfont.svg" server="31.170.166.175" local="3497247808" remote="3507218160" Dst="-1" /><file name="Roboto-Regular-webfont.eot" server="31.170.166.175" local="3497247808" remote="3507218160" Dst="-1" /><file name="stylesheet.css" server="31.170.166.175" local="3497266264" remote="3507218160" Dst="-1" /><file name="Roboto-Regular-webfont.woff" server="Mac SSD/Users/jvacek/MAMP/subsystem/" local="3497247808" remote="3497247808" Dst="-1" /><file name="Roboto-Regular-webfont.ttf" server="Mac SSD/Users/jvacek/MAMP/subsystem/" local="3497247808" remote="3497247808" Dst="-1" /><file name="Roboto-Regular-webfont.svg" server="Mac SSD/Users/jvacek/MAMP/subsystem/" local="3497247808" remote="3497247808" Dst="-1" /><file name="Roboto-Regular-webfont.eot" server="Mac SSD/Users/jvacek/MAMP/subsystem/" local="3497247808" remote="3497247808" Dst="-1" /><file name="stylesheet.css" server="Mac SSD/Users/jvacek/MAMP/subsystem/" local="3497266264" remote="3497266264" Dst="-1" /></dwsync>