<?xml version="1.0" encoding="utf-8" ?><dwsync><file name="stylesheet.css" server="ftp.subsystemmaas.nl" local="3497886279" remote="3505290600" Dst="-1" /><file name="Roboto-BlackItalic-webfont.ttf" server="ftp.subsystemmaas.nl" local="3497247808" remote="3505290600" Dst="-1" /><file name="Roboto-BlackItalic-webfont.svg" server="ftp.subsystemmaas.nl" local="3497247808" remote="3505290600" Dst="-1" /><file name="Roboto-BlackItalic-webfont.eot" server="ftp.subsystemmaas.nl" local="3497247808" remote="3505290600" Dst="-1" /><file name="Roboto-BlackItalic-webfont.woff" server="ftp.subsystemmaas.nl" local="3497247808" remote="3505290720" Dst="-1" /><file name="Roboto-BlackItalic-webfont.woff" server="ftp.subsystemmaas.nl//public_html/" local="3497247808" remote="3505290900" Dst="-1" /><file name="Roboto-BlackItalic-webfont.ttf" server="ftp.subsystemmaas.nl//public_html/" local="3497247808" remote="3505290900" Dst="-1" /><file name="stylesheet.css" server="ftp.subsystemmaas.nl//public_html/" local="3497886279" remote="3505290900" Dst="-1" /><file name="Roboto-BlackItalic-webfont.eot" server="ftp.subsystemmaas.nl//public_html/" local="3497247808" remote="3505290900" Dst="-1" /><file name="Roboto-BlackItalic-webfont.svg" server="ftp.subsystemmaas.nl//public_html/" local="3497247808" remote="3505290900" Dst="-1" /><file name="Roboto-BlackItalic-webfont.eot" server="31.170.166.175" local="3497247808" remote="3507127020" Dst="-1" /><file name="Roboto-BlackItalic-webfont.svg" server="31.170.166.175" local="3497247808" remote="3507127020" Dst="-1" /><file name="Roboto-BlackItalic-webfont.ttf" server="31.170.166.175" local="3497247808" remote="3507127020" Dst="-1" /><file name="Roboto-BlackItalic-webfont.woff" server="31.170.166.175" local="3497247808" remote="3507127020" Dst="-1" /><file name="stylesheet.css" server="31.170.166.175" local="3497886279" remote="3507127020" Dst="-1" /><file name="Roboto-BlackItalic-webfont.eot" server="Mac SSD/Applications/MAMP/htdocs/subsystemmaas/" local="3497247808" remote="3497247808" Dst="-1" /><file name="Roboto-BlackItalic-webfont.svg" server="Mac SSD/Applications/MAMP/htdocs/subsystemmaas/" local="3497247808" remote="3497247808" Dst="-1" /><file name="Roboto-BlackItalic-webfont.ttf" server="Mac SSD/Applications/MAMP/htdocs/subsystemmaas/" local="3497247808" remote="3497247808" Dst="-1" /><file name="Roboto-BlackItalic-webfont.woff" server="Mac SSD/Applications/MAMP/htdocs/subsystemmaas/" local="3497247808" remote="3497247808" Dst="-1" /><file name="stylesheet.css" server="Mac SSD/Applications/MAMP/htdocs/subsystemmaas/" local="3497886279" remote="3497886279" Dst="-1" /><file name="Roboto-BlackItalic-webfont.woff" server="Mac SSD/Users/jvacek/MAMP/subsystem/" local="3497247808" remote="3497247808" Dst="-1" /><file name="Roboto-BlackItalic-webfont.ttf" server="Mac SSD/Users/jvacek/MAMP/subsystem/" local="3497247808" remote="3497247808" Dst="-1" /><file name="Roboto-BlackItalic-webfont.svg" server="Mac SSD/Users/jvacek/MAMP/subsystem/" local="3497247808" remote="3497247808" Dst="-1" /><file name="Roboto-BlackItalic-webfont.eot" server="Mac SSD/Users/jvacek/MAMP/subsystem/" local="3497247808" remote="3497247808" Dst="-1" /><file name="stylesheet.css" server="Mac SSD/Users/jvacek/MAMP/subsystem/" local="3497886279" remote="3497886279" Dst="-1" /></dwsync>