<?xml version="1.0" encoding="utf-8" ?><dwsync><file name="defaultstyle.css" server="ftp.subsystemmaas.nl" local="3505212465" remote="3505290600" Dst="-1" /><file name="defaultstyle.css" server="ftp.subsystemmaas.nl//public_html/" local="3505212465" remote="3505290900" Dst="-1" /><file name="defaultstyle.css" server="31.170.166.175" local="3507238107" remote="3507218160" Dst="-1" /><file name="index.php" server="31.170.166.175" local="3507238145" remote="3507218160" Dst="-1" /><file name="defaultstyle.css" server="Mac SSD/Applications/MAMP/htdocs/subsystemmaas/" local="3507282114" remote="3507282114" Dst="-1" /><file name="index.php" server="Mac SSD/Applications/MAMP/htdocs/subsystemmaas/" local="3507282121" remote="3507282121" Dst="-1" /><file name="index_XDQ1SJZT56.php" server="Mac SSD/Applications/MAMP/htdocs/subsystemmaas/" local="3507150282" remote="3507150282" Dst="-1" /><file name="index_XDQ1SJZT56.php" server="31.170.166.175" local="3507150282" remote="3507129120" Dst="-1" /><file name="facebook.html" server="31.170.166.175" local="3510315413" remote="3510297720" Dst="-1" /><file name="index_XDQ1SJZT56.php" server="Mac SSD/Users/jvacek/MAMP/subsystem/" local="3507282116" remote="3507282116" Dst="-1" /><file name="index.php" server="Mac SSD/Users/jvacek/MAMP/subsystem/" local="3507282121" remote="3507282121" Dst="-1" /><file name="index.html" server="Mac SSD/Users/jvacek/MAMP/subsystem/" local="3505296605" remote="3505296605" Dst="-1" /><file name="facebook.html" server="Mac SSD/Users/jvacek/MAMP/subsystem/" local="3510315413" remote="3510315413" Dst="-1" /><file name="defaultstyle.css" server="Mac SSD/Users/jvacek/MAMP/subsystem/" local="3507282114" remote="3507282114" Dst="-1" /><file name="defaultstyle (Mastarasta's conflicted copy 2015-03-13).css" server="Mac SSD/Users/jvacek/MAMP/subsystem/" local="3505212465" remote="3505212465" Dst="-1" /></dwsync>